v_real,v_max,x_pos,y_pos,theta_rot,distance_hr,global_counter,h_barrier,temporal_operator_counter,flag_finish,obs_x_closest,obs_y_closest
0.619149,0.7,18.9136,-10.1397,-3.122,1.10941,0,0.752156,0,0,0,0
0.620115,0.7,18.9136,-10.1397,-3.122,1.10915,1,0.7392,1,0,0,0
0.621063,0.7,18.9136,-10.1397,-3.122,1.10997,2,0.726244,2,0,0,0
0.621995,0.7,18.9136,-10.1397,-3.122,1.10997,3,0.713288,3,0,0,0
0.622911,0.7,18.9136,-10.1397,-3.122,1.1102,4,0.700333,4,0,0,0
0.623809,0.7,18.9136,-10.1397,-3.122,1.11082,5,0.687377,5,0,0,0
0.624691,0.7,18.9136,-10.1397,-3.122,1.11082,6,0.674421,6,0,0,0
0.625556,0.7,18.9136,-10.1397,-3.122,1.11299,7,0.661465,7,0,0,0
0.626404,0.7,18.9136,-10.1397,-3.122,1.11299,8,0.64851,8,0,0,0
0.627235,0.7,18.9136,-10.1397,-3.122,1.11418,9,0.635554,9,0,0,0
0.62805,0.7,18.9136,-10.1397,-3.122,1.11612,10,0.622598,10,0,0,0
0.628847,0.7,18.9136,-10.1397,-3.122,1.11612,11,0.609642,11,0,0,0
0.629628,0.7,18.9136,-10.1397,-3.122,1.119,12,0.596687,12,0,0,0
0.630393,0.7,18.9136,-10.1397,-3.122,1.119,13,0.583731,13,0,0,0
0.63114,0.7,18.9136,-10.1397,-3.122,1.12199,14,0.570775,14,0,0,0
0.631871,0.7,18.9136,-10.1397,-3.122,1.12794,15,0.557819,15,0,0,0
0.632585,0.7,18.9136,-10.1397,-3.122,1.12794,16,0.544864,16,0,0,0
0.633282,0.7,18.9136,-10.1397,-3.122,1.13497,17,0.531908,17,0,0,0
0.633962,0.7,18.9136,-10.1397,-3.122,1.13497,18,0.518952,18,0,0,0
0.633494,0.7,18.8917,-10.1378,-3.12191,1.14334,19,0.527933,19,0,0,0
0.634169,0.7,18.8917,-10.1378,-3.12191,1.15097,20,0.514977,20,0,0,0
0.634827,0.7,18.8917,-10.1378,-3.12191,1.15097,21,0.502021,21,0,0,0
0.635469,0.7,18.8917,-10.1378,-3.12191,1.15876,22,0.489066,22,0,0,0
0.636094,0.7,18.8917,-10.1378,-3.12191,1.15876,23,0.47611,23,0,0,0
0.636702,0.7,18.8917,-10.1378,-3.12191,1.17006,24,0.463154,24,0,0,0
0.637293,0.7,18.8917,-10.1378,-3.12191,1.18326,25,0.450199,25,0,0,0
0.635947,0.7,18.8483,-10.1343,-3.12533,1.18326,26,0.480746,26,0,0,0
0.636561,0.7,18.8483,-10.1343,-3.12533,1.19766,27,0.46779,27,0,0,0
0.637159,0.7,18.8483,-10.1343,-3.12533,1.19766,28,0.454835,28,0,0,0
0.636721,0.7,18.8259,-10.1346,-3.1252,1.21219,29,0.464276,29,0,0,0
0.637314,0.7,18.8259,-10.1346,-3.1252,1.21219,30,0.45132,30,0,0,0
0.63789,0.7,18.8259,-10.1346,-3.1252,1.22901,31,0.438364,31,0,0,0
0.63845,0.7,18.8259,-10.1346,-3.1252,1.24578,32,0.425408,32,0,0,0
0.638992,0.7,18.8259,-10.1346,-3.1252,1.24578,33,0.412453,33,0,0,0
0.639518,0.7,18.8259,-10.1346,-3.1252,1.264,34,0.399497,34,0,0,0
0.640027,0.7,18.8259,-10.1346,-3.1252,1.264,35,0.386541,35,0,0,0
0.639313,0.7,18.7938,-10.133,-3.12739,1.28279,36,0.405639,36,0,0,0
0.63983,0.7,18.7938,-10.133,-3.12739,1.30084,37,0.392683,37,0,0,0
0.64033,0.7,18.7938,-10.133,-3.12739,1.30084,38,0.379727,38,0,0,0
0.637981,0.7,18.7237,-10.1298,-3.12647,1.31891,39,0.436979,39,0,0,0
0.638539,0.7,18.7237,-10.1298,-3.12647,1.31891,40,0.424023,40,0,0,0
0.63908,0.7,18.7237,-10.1298,-3.12647,1.34074,41,0.411067,41,0,0,0
0.639604,0.7,18.7237,-10.1298,-3.12647,1.36474,42,0.398112,42,0,0,0
0.640111,0.7,18.7237,-10.1298,-3.12647,1.36474,43,0.385156,43,0,0,0
0.640601,0.7,18.7237,-10.1298,-3.12647,1.39027,44,0.3722,44,0,0,0
0.641075,0.7,18.7237,-10.1298,-3.12647,1.39027,45,0.359244,45,0,0,0
0.63989,0.7,18.68,-10.1295,-3.12474,1.41268,46,0.389999,46,0,0,0
0.640387,0.7,18.68,-10.1295,-3.12474,1.43494,47,0.377043,47,0,0,0
0.640867,0.7,18.68,-10.1295,-3.12474,1.43494,48,0.364088,48,0,0,0
0.637181,0.7,18.5777,-10.1319,-3.12318,1.45645,49,0.453355,49,0,0,0
0.637759,0.7,18.5777,-10.1319,-3.12318,1.47685,50,0.4404,50,0,0,0
0.638321,0.7,18.5777,-10.1319,-3.12318,1.47685,51,0.427444,51,0,0,0
0.636734,0.7,18.5288,-10.1337,-3.12403,1.49734,52,0.463369,52,0,0,0
0.637326,0.7,18.5288,-10.1337,-3.12403,1.49734,53,0.450413,53,0,0,0
0.6379,0.7,18.5288,-10.1337,-3.12403,1.51953,54,0.437458,54,0,0,0
0.638459,0.7,18.5288,-10.1337,-3.12403,1.541,55,0.424502,55,0,0,0
0.639,0.7,18.5288,-10.1337,-3.12403,1.541,56,0.411546,56,0,0,0
0.639524,0.7,18.5288,-10.1337,-3.12403,1.5608,57,0.39859,57,0,0,0
0.640032,0.7,18.5288,-10.1337,-3.12403,1.5608,58,0.385635,58,0,0,0
0.637387,0.7,18.4526,-10.1288,-3.12323,1.58241,59,0.448875,59,0,0,0
0.63796,0.7,18.4526,-10.1288,-3.12323,1.60278,60,0.435919,60,0,0,0
0.638516,0.7,18.4526,-10.1288,-3.12323,1.60278,61,0.422963,61,0,0,0
0.639055,0.7,18.4526,-10.1288,-3.12323,1.6245,62,0.410008,62,0,0,0
0.639577,0.7,18.4526,-10.1288,-3.12323,1.6245,63,0.397052,63,0,0,0
0.640083,0.7,18.4526,-10.1288,-3.12323,1.64622,64,0.384096,64,0,0,0
0.640572,0.7,18.4526,-10.1288,-3.12323,1.66735,65,0.37114,65,0,0,0
0.639055,0.7,18.4012,-10.1213,-3.12199,1.66735,66,0.409755,66,0,0,0
0.639577,0.7,18.4012,-10.1213,-3.12199,1.68877,67,0.396799,67,0,0,0
0.640082,0.7,18.4012,-10.1213,-3.12199,1.68877,68,0.383843,68,0,0,0
0.637309,0.7,18.321,-10.1192,-3.12349,1.70885,69,0.451085,69,0,0,0
0.637885,0.7,18.321,-10.1192,-3.12349,1.70885,70,0.438129,70,0,0,0
0.638444,0.7,18.321,-10.1192,-3.12349,1.72886,71,0.425174,71,0,0,0
0.636967,0.7,18.2761,-10.1171,-3.11997,1.74802,72,0.457085,72,0,0,0
0.637551,0.7,18.2761,-10.1171,-3.11997,1.74802,73,0.444129,73,0,0,0
0.638117,0.7,18.2761,-10.1171,-3.11997,1.76843,74,0.431173,74,0,0,0
0.638667,0.7,18.2761,-10.1171,-3.11997,1.76843,75,0.418218,75,0,0,0
0.6392,0.7,18.2761,-10.1171,-3.11997,1.79056,76,0.405262,76,0,0,0
0.639717,0.7,18.2761,-10.1171,-3.11997,1.81062,77,0.392306,77,0,0,0
0.640216,0.7,18.2761,-10.1171,-3.11997,1.81062,78,0.37935,78,0,0,0
0.637456,0.7,18.193,-10.1123,-3.12716,1.83041,79,0.449555,79,0,0,0
0.63803,0.7,18.193,-10.1123,-3.12716,1.83041,80,0.436599,80,0,0,0
0.638587,0.7,18.193,-10.1123,-3.12716,1.84999,81,0.423643,81,0,0,0
0.639127,0.7,18.193,-10.1123,-3.12716,1.87035,82,0.410688,82,0,0,0
0.639651,0.7,18.193,-10.1123,-3.12716,1.87035,83,0.397732,83,0,0,0
0.640157,0.7,18.193,-10.1123,-3.12716,1.89004,84,0.384776,84,0,0,0
0.640647,0.7,18.193,-10.1123,-3.12716,1.91074,85,0.37182,85,0,0,0
0.639232,0.7,18.1417,-10.1067,-3.13224,1.91074,86,0.410226,86,0,0,0
0.639755,0.7,18.1417,-10.1067,-3.13224,1.93143,87,0.39727,87,0,0,0
0.640261,0.7,18.1417,-10.1067,-3.13224,1.93143,88,0.384314,88,0,0,0
0.637326,0.7,18.0586,-10.1058,-3.13306,1.95197,89,0.454553,89,0,0,0
0.637907,0.7,18.0586,-10.1058,-3.13306,1.95197,90,0.441598,90,0,0,0
0.63847,0.7,18.0586,-10.1058,-3.13306,1.97196,91,0.428642,91,0,0,0
0.639017,0.7,18.0586,-10.1058,-3.13306,1.99165,92,0.415686,92,0,0,0
0.639547,0.7,18.0586,-10.1058,-3.13306,1.99165,93,0.40273,93,0,0,0
0.64006,0.7,18.0586,-10.1058,-3.13306,2.01135,94,0.389775,94,0,0,0
0.640557,0.7,18.0586,-10.1058,-3.13306,2.01135,95,0.376819,95,0,0,0
0.639813,0.7,18.0254,-10.1008,-3.13603,2.03303,96,0.397109,96,0,0,0
0.640319,0.7,18.0254,-10.1008,-3.13603,2.05439,97,0.384153,97,0,0,0
0.640808,0.7,18.0254,-10.1008,-3.13603,2.05439,98,0.371197,98,0,0,0
0.638226,0.7,17.9476,-10.1004,-3.13943,2.07584,99,0.435971,99,0,0,0
0.638783,0.7,17.9476,-10.1004,-3.13943,2.09595,100,0.423016,100,0,0,0
0.639322,0.7,17.9476,-10.1004,-3.13943,2.09595,101,0.41006,101,0,0,0
0.639845,0.7,17.9476,-10.1004,-3.13943,2.11473,102,0.397104,102,0,0,0
0.640352,0.7,17.9476,-10.1004,-3.13943,2.11473,103,0.384148,103,0,0,0
0.640841,0.7,17.9476,-10.1004,-3.13943,2.13292,104,0.371193,104,0,0,0
0.641313,0.7,17.9476,-10.1004,-3.13943,2.14868,105,0.358237,105,0,0,0
0.639925,0.7,17.8982,-10.1042,-3.13825,2.14868,106,0.394701,106,0,0,0
0.640428,0.7,17.8982,-10.1042,-3.13825,2.16425,107,0.381745,107,0,0,0
0.640914,0.7,17.8982,-10.1042,-3.13825,2.16425,108,0.368789,108,0,0,0
0.638378,0.7,17.8213,-10.1045,-3.14114,2.17875,109,0.432699,109,0,0,0
0.63893,0.7,17.8213,-10.1045,-3.14114,2.17875,110,0.419743,110,0,0,0
0.639465,0.7,17.8213,-10.1045,-3.14114,2.18991,111,0.406787,111,0,0,0
0.637888,0.7,17.7707,-10.1042,3.1387,2.20451,112,0.444374,112,0,0,0
0.638456,0.7,17.7707,-10.1042,3.1387,2.20451,113,0.431418,113,0,0,0
0.639006,0.7,17.7707,-10.1042,3.1387,2.21584,114,0.418462,114,0,0,0
0.63954,0.7,17.7707,-10.1042,3.1387,2.21584,115,0.405507,115,0,0,0
0.638624,0.7,17.7361,-10.1021,3.14062,2.22738,116,0.427248,116,0,0,0
0.639169,0.7,17.7361,-10.1021,3.14062,2.2316,117,0.414292,117,0,0,0
0.639697,0.7,17.7361,-10.1021,3.14062,2.2316,118,0.401337,118,0,0,0
0.638518,0.7,17.6951,-10.1024,-3.14034,2.23006,119,0.429309,119,0,0,0
0.639066,0.7,17.6951,-10.1024,-3.14034,2.23006,120,0.416354,120,0,0,0
0.639597,0.7,17.6951,-10.1024,-3.14034,2.23066,121,0.403398,121,0,0,0
0.640111,0.7,17.6951,-10.1024,-3.14034,2.22745,122,0.390442,122,0,0,0
0.640608,0.7,17.6951,-10.1024,-3.14034,2.22745,123,0.377486,123,0,0,0
0.641089,0.7,17.6951,-10.1024,-3.14034,2.22456,124,0.364531,124,0,0,0
0.641553,0.7,17.6951,-10.1024,-3.14034,2.22513,125,0.351575,125,0,0,0
0.638639,0.7,17.6096,-10.1138,-3.13262,2.22513,126,0.424058,126,0,0,0
0.63918,0.7,17.6096,-10.1138,-3.13262,2.22561,127,0.411102,127,0,0,0
0.639704,0.7,17.6096,-10.1138,-3.13262,2.22561,128,0.398147,128,0,0,0
0.638523,0.7,17.5669,-10.1025,-3.13517,2.22909,129,0.427936,129,0,0,0
0.639069,0.7,17.5669,-10.1025,-3.13517,2.22909,130,0.41498,130,0,0,0
0.639598,0.7,17.5669,-10.1025,-3.13517,2.23364,131,0.402024,131,0,0,0
0.64011,0.7,17.5669,-10.1025,-3.13517,2.23916,132,0.389069,132,0,0,0
0.640606,0.7,17.5669,-10.1025,-3.13517,2.23916,133,0.376113,133,0,0,0
0.641085,0.7,17.5669,-10.1025,-3.13517,2.24039,134,0.363157,134,0,0,0
0.641547,0.7,17.5669,-10.1025,-3.13517,2.24039,135,0.350201,135,0,0,0
0.640645,0.7,17.5283,-10.1057,-3.13839,2.25574,136,0.375879,136,0,0,0
0.641124,0.7,17.5283,-10.1057,-3.13839,2.26077,137,0.362923,137,0,0,0
0.641586,0.7,17.5283,-10.1057,-3.13839,2.26077,138,0.349967,138,0,0,0
0.638786,0.7,17.4431,-10.0952,-3.13648,2.28137,139,0.42228,139,0,0,0
0.639324,0.7,17.4431,-10.0952,-3.13648,2.28137,140,0.409324,140,0,0,0
0.639846,0.7,17.4431,-10.0952,-3.13648,2.29977,141,0.396368,141,0,0,0
0.638264,0.7,17.3925,-10.0984,-3.13512,2.31347,142,0.434005,142,0,0,0
0.638817,0.7,17.3925,-10.0984,-3.13512,2.31347,143,0.421049,143,0,0,0
0.639354,0.7,17.3925,-10.0984,-3.13512,2.32754,144,0.408093,144,0,0,0
0.639875,0.7,17.3925,-10.0984,-3.13512,2.32754,145,0.395138,145,0,0,0
0.638524,0.7,17.3463,-10.1001,-3.13678,2.34014,146,0.42832,146,0,0,0
0.639071,0.7,17.3463,-10.1001,-3.13678,2.35356,147,0.415364,147,0,0,0
0.639601,0.7,17.3463,-10.1001,-3.13678,2.35356,148,0.402408,148,0,0,0
0.638273,0.7,17.3017,-10.105,-3.13707,2.3666,149,0.434056,149,0,0,0
0.638827,0.7,17.3017,-10.105,-3.13707,2.3666,150,0.4211,150,0,0,0
0.639364,0.7,17.3017,-10.105,-3.13707,2.37953,151,0.408145,151,0,0,0
0.637953,0.7,17.2542,-10.1044,3.13995,2.39067,152,0.442617,152,0,0,0
0.638518,0.7,17.2542,-10.1044,3.13995,2.39067,153,0.429661,153,0,0,0
0.639066,0.7,17.2542,-10.1044,3.13995,2.39938,154,0.416706,154,0,0,0
0.639598,0.7,17.2542,-10.1044,3.13995,2.39938,155,0.40375,155,0,0,0
0.640112,0.7,17.2542,-10.1044,3.13995,2.40327,156,0.390794,156,0,0,0
0.64061,0.7,17.2542,-10.1044,3.13995,2.40469,157,0.377838,157,0,0,0
0.641091,0.7,17.2542,-10.1044,3.13995,2.40469,158,0.364883,158,0,0,0
0.637985,0.7,17.1636,-10.1035,3.13369,2.40477,159,0.442609,159,0,0,0
0.63855,0.7,17.1636,-10.1035,3.13369,2.40607,160,0.429653,160,0,0,0
0.639098,0.7,17.1636,-10.1035,3.13369,2.40607,161,0.416697,161,0,0,0
0.63963,0.7,17.1636,-10.1035,3.13369,2.40991,162,0.403742,162,0,0,0
0.640144,0.7,17.1636,-10.1035,3.13369,2.40991,163,0.390786,163,0,0,0
0.640642,0.7,17.1636,-10.1035,3.13369,2.41211,164,0.37783,164,0,0,0
0.641123,0.7,17.1636,-10.1035,3.13369,2.41064,165,0.364874,165,0,0,0
0.637971,0.7,17.0724,-10.1055,3.13213,2.41064,166,0.443001,166,0,0,0
0.638536,0.7,17.0724,-10.1055,3.13213,2.40627,167,0.430045,167,0,0,0
0.639085,0.7,17.0724,-10.1055,3.13213,2.40627,168,0.417089,168,0,0,0
0.638087,0.7,17.0364,-10.1031,3.1344,2.40321,169,0.440236,169,0,0,0
0.638649,0.7,17.0364,-10.1031,3.1344,2.39561,170,0.42728,170,0,0,0
0.639194,0.7,17.0364,-10.1031,3.1344,2.39561,171,0.414324,171,0,0,0
0.63787,0.7,16.993,-10.1047,3.13831,2.38758,172,0.444677,172,0,0,0
0.638437,0.7,16.993,-10.1047,3.13831,2.38758,173,0.431722,173,0,0,0
0.638988,0.7,16.993,-10.1047,3.13831,2.38277,174,0.418766,174,0,0,0
0.639522,0.7,16.993,-10.1047,3.13831,2.38277,175,0.40581,175,0,0,0
0.638111,0.7,16.9468,-10.1068,3.139,2.37899,176,0.439064,176,0,0,0
0.638671,0.7,16.9468,-10.1068,3.139,2.37705,177,0.426109,177,0,0,0
0.639215,0.7,16.9468,-10.1068,3.139,2.37705,178,0.413153,178,0,0,0
0.637725,0.7,16.899,-10.1056,3.13736,2.3752,179,0.448013,179,0,0,0
0.638297,0.7,16.899,-10.1056,3.13736,2.37794,180,0.435058,180,0,0,0
0.638852,0.7,16.899,-10.1056,3.13736,2.37794,181,0.422102,181,0,0,0
0.637217,0.7,16.8495,-10.1061,3.14128,2.38056,182,0.458583,182,0,0,0
0.637803,0.7,16.8495,-10.1061,3.14128,2.38056,183,0.445628,183,0,0,0
0.638371,0.7,16.8495,-10.1061,3.14128,2.3844,184,0.432672,184,0,0,0
0.638924,0.7,16.8495,-10.1061,3.14128,2.3844,185,0.419716,185,0,0,0
0.637721,0.7,16.8091,-10.1081,-3.1406,2.39239,186,0.447132,186,0,0,0
0.638292,0.7,16.8091,-10.1081,-3.1406,2.40184,187,0.434176,187,0,0,0
0.638846,0.7,16.8091,-10.1081,-3.1406,2.40184,188,0.421221,188,0,0,0
0.637046,0.7,16.7559,-10.1183,-3.13903,2.4122,189,0.461318,189,0,0,0
0.637635,0.7,16.7559,-10.1183,-3.13903,2.4122,190,0.448362,190,0,0,0
0.638207,0.7,16.7559,-10.1183,-3.13903,2.42324,191,0.435406,191,0,0,0
0.638763,0.7,16.7559,-10.1183,-3.13903,2.43395,192,0.422451,192,0,0,0
0.639302,0.7,16.7559,-10.1183,-3.13903,2.43395,193,0.409495,193,0,0,0
0.639824,0.7,16.7559,-10.1183,-3.13903,2.44439,194,0.396539,194,0,0,0
0.640329,0.7,16.7559,-10.1183,-3.13903,2.44439,195,0.383583,195,0,0,0
0.639439,0.7,16.7213,-10.1196,-3.13633,2.44439,196,0.405226,196,0,0,0
0.639956,0.7,16.7213,-10.1196,-3.13633,2.44439,197,0.392271,197,0,0,0
0.640455,0.7,16.7213,-10.1196,-3.13633,2.44439,198,0.379315,198,0,0,0
0.638092,0.7,16.6504,-10.111,-3.13592,2.49042,199,0.437395,199,0,0,0
0.63865,0.7,16.6504,-10.111,-3.13592,2.49042,200,0.424439,200,0,0,0
0.639191,0.7,16.6504,-10.111,-3.13592,2.49468,201,0.411483,201,0,0,0
0.639716,0.7,16.6504,-10.111,-3.13592,2.49276,202,0.398527,202,0,0,0
0.640224,0.7,16.6504,-10.111,-3.13592,2.49276,203,0.385572,203,0,0,0
0.640715,0.7,16.6504,-10.111,-3.13592,2.49581,204,0.372616,204,0,0,0
0.641189,0.7,16.6504,-10.111,-3.13592,2.49581,205,0.35966,205,0,0,0
0.640019,0.7,16.6047,-10.1106,-3.14122,2.50299,206,0.392362,206,0,0,0
0.640519,0.7,16.6047,-10.1106,-3.14122,2.51114,207,0.379407,207,0,0,0
0.641002,0.7,16.6047,-10.1106,-3.14122,2.51114,208,0.366451,208,0,0,0
0.637724,0.7,16.5117,-10.1143,-3.13921,2.51122,209,0.446427,209,0,0,0
0.638294,0.7,16.5117,-10.1143,-3.13921,2.51122,210,0.433471,210,0,0,0
0.638847,0.7,16.5117,-10.1143,-3.13921,2.50906,211,0.420515,211,0,0,0
0.637473,0.7,16.4662,-10.1095,3.13909,2.5095,212,0.453161,212,0,0,0
0.638051,0.7,16.4662,-10.1095,3.13909,2.5095,213,0.440205,213,0,0,0
0.638613,0.7,16.4662,-10.1095,3.13909,2.50826,214,0.42725,214,0,0,0
0.639158,0.7,16.4662,-10.1095,3.13909,2.50826,215,0.414294,215,0,0,0
0.639687,0.7,16.4662,-10.1095,3.13909,2.5105,216,0.401338,216,0,0,0
0.640198,0.7,16.4662,-10.1095,3.13909,2.51162,217,0.388382,217,0,0,0
0.640693,0.7,16.4662,-10.1095,3.13909,2.51162,218,0.375427,218,0,0,0
0.637787,0.7,16.3822,-10.102,3.13759,2.50966,219,0.446527,219,0,0,0
0.638358,0.7,16.3822,-10.102,3.13759,2.50435,220,0.433571,220,0,0,0
0.638911,0.7,16.3822,-10.102,3.13759,2.50435,221,0.420615,221,0,0,0
0.639447,0.7,16.3822,-10.102,3.13759,2.49906,222,0.407659,222,0,0,0
0.639967,0.7,16.3822,-10.102,3.13759,2.49906,223,0.394704,223,0,0,0
0.64047,0.7,16.3822,-10.102,3.13759,2.49496,224,0.381748,224,0,0,0
0.640956,0.7,16.3822,-10.102,3.13759,2.49496,225,0.368792,225,0,0,0
0.637805,0.7,16.2914,-10.0902,3.12933,2.48908,226,0.446825,226,0,0,0
0.638375,0.7,16.2914,-10.0902,3.12933,2.48476,227,0.433869,227,0,0,0
0.638929,0.7,16.2914,-10.0902,3.12933,2.48476,228,0.420914,228,0,0,0
0.637295,0.7,16.2414,-10.0827,3.12719,2.48232,229,0.458026,229,0,0,0
0.63788,0.7,16.2414,-10.0827,3.12719,2.48232,230,0.44507,230,0,0,0
0.638448,0.7,16.2414,-10.0827,3.12719,2.48654,231,0.432115,231,0,0,0
0.636391,0.7,16.1832,-10.0844,3.12795,2.49383,232,0.477394,232,0,0,0
0.637001,0.7,16.1832,-10.0844,3.12795,2.49383,233,0.464438,233,0,0,0
0.637594,0.7,16.1832,-10.0844,3.12795,2.5032,234,0.451482,234,0,0,0
0.638171,0.7,16.1832,-10.0844,3.12795,2.5032,235,0.438527,235,0,0,0
0.636714,0.7,16.1382,-10.0858,3.12598,2.5093,236,0.47052,236,0,0,0
0.637315,0.7,16.1382,-10.0858,3.12598,2.51571,237,0.457564,237,0,0,0
0.637899,0.7,16.1382,-10.0858,3.12598,2.51571,238,0.444608,238,0,0,0
0.636793,0.7,16.1011,-10.0813,3.1263,2.52149,239,0.468825,239,0,0,0
0.637392,0.7,16.1011,-10.0813,3.1263,2.52149,240,0.455869,240,0,0,0
0.637974,0.7,16.1011,-10.0813,3.1263,2.52682,241,0.442913,241,0,0,0
0.638539,0.7,16.1011,-10.0813,3.1263,2.52921,242,0.429957,242,0,0,0
0.639088,0.7,16.1011,-10.0813,3.1263,2.52921,243,0.417002,243,0,0,0
0.63962,0.7,16.1011,-10.0813,3.1263,2.52867,244,0.404046,244,0,0,0
0.640135,0.7,16.1011,-10.0813,3.1263,2.53056,245,0.39109,245,0,0,0
0.638468,0.7,16.0475,-10.0834,3.12788,2.53056,246,0.431704,246,0,0,0
0.639019,0.7,16.0475,-10.0834,3.12788,2.53191,247,0.418749,247,0,0,0
0.639553,0.7,16.0475,-10.0834,3.12788,2.53191,248,0.405793,248,0,0,0
0.635955,0.7,15.9539,-10.0847,3.12728,2.53039,249,0.486431,249,0,0,0
0.636577,0.7,15.9539,-10.0847,3.12728,2.53462,250,0.473475,250,0,0,0
0.637182,0.7,15.9539,-10.0847,3.12728,2.53462,251,0.460519,251,0,0,0
0.635655,0.7,15.909,-10.0786,3.12589,2.54032,252,0.492467,252,0,0,0
0.636285,0.7,15.909,-10.0786,3.12589,2.54032,253,0.479511,253,0,0,0
0.636898,0.7,15.909,-10.0786,3.12589,2.54803,254,0.466556,254,0,0,0
0.637494,0.7,15.909,-10.0786,3.12589,2.55233,255,0.4536,255,0,0,0
0.638073,0.7,15.909,-10.0786,3.12589,2.55233,256,0.440644,256,0,0,0
0.638636,0.7,15.909,-10.0786,3.12589,2.55296,257,0.427688,257,0,0,0
0.639181,0.7,15.909,-10.0786,3.12589,2.55296,258,0.414733,258,0,0,0
0.636158,0.7,15.8286,-10.0831,3.12425,2.5497,259,0.482107,259,0,0,0
0.636774,0.7,15.8286,-10.0831,3.12425,2.5497,260,0.469151,260,0,0,0
0.637373,0.7,15.8286,-10.0831,3.12425,2.54903,261,0.456195,261,0,0,0
0.637956,0.7,15.8286,-10.0831,3.12425,2.54636,262,0.443239,262,0,0,0
0.638522,0.7,15.8286,-10.0831,3.12425,2.54636,263,0.430284,263,0,0,0
0.639071,0.7,15.8286,-10.0831,3.12425,2.54559,264,0.417328,264,0,0,0
0.639603,0.7,15.8286,-10.0831,3.12425,2.54409,265,0.404372,265,0,0,0
0.636123,0.7,15.7373,-10.0758,3.12475,2.54409,266,0.482786,266,0,0,0
0.63674,0.7,15.7373,-10.0758,3.12475,2.54754,267,0.469831,267,0,0,0
0.637341,0.7,15.7373,-10.0758,3.12475,2.54754,268,0.456875,268,0,0,0
0.636049,0.7,15.6971,-10.0741,3.12352,2.55207,269,0.484205,269,0,0,0
0.636668,0.7,15.6971,-10.0741,3.12352,2.55207,270,0.471249,270,0,0,0
0.63727,0.7,15.6971,-10.0741,3.12352,2.55694,271,0.458293,271,0,0,0
0.637855,0.7,15.6971,-10.0741,3.12352,2.56314,272,0.445338,272,0,0,0
0.638424,0.7,15.6971,-10.0741,3.12352,2.56314,273,0.432382,273,0,0,0
0.638976,0.7,15.6971,-10.0741,3.12352,2.57912,274,0.419426,274,0,0,0
0.639511,0.7,15.6971,-10.0741,3.12352,2.57912,275,0.40647,275,0,0,0
0.637937,0.7,15.6469,-10.0758,3.12485,2.59435,276,0.44365,276,0,0,0
0.638503,0.7,15.6469,-10.0758,3.12485,2.61106,277,0.430694,277,0,0,0
0.639053,0.7,15.6469,-10.0758,3.12485,2.61106,278,0.417739,278,0,0,0
0.635733,0.7,15.5611,-10.0802,3.1207,2.62922,279,0.490522,279,0,0,0
0.63636,0.7,15.5611,-10.0802,3.1207,2.62922,280,0.477566,280,0,0,0
0.63697,0.7,15.5611,-10.0802,3.1207,2.64476,281,0.46461,281,0,0,0
0.635275,0.7,15.5131,-10.0781,3.11993,2.65555,282,0.499658,282,0,0,0
0.635914,0.7,15.5131,-10.0781,3.11993,2.65555,283,0.486703,283,0,0,0
0.636536,0.7,15.5131,-10.0781,3.11993,2.66715,284,0.473747,284,0,0,0
0.637141,0.7,15.5131,-10.0781,3.11993,2.67875,285,0.460791,285,0,0,0
0.63598,0.7,15.4756,-10.0779,3.12036,2.67875,286,0.485389,286,0,0,0
0.636601,0.7,15.4756,-10.0779,3.12036,2.68472,287,0.472434,287,0,0,0
0.637204,0.7,15.4756,-10.0779,3.12036,2.68472,288,0.459478,288,0,0,0
0.636159,0.7,15.4404,-10.0837,3.11845,2.68912,289,0.48158,289,0,0,0
0.636774,0.7,15.4404,-10.0837,3.11845,2.68912,290,0.468625,290,0,0,0
0.637373,0.7,15.4404,-10.0837,3.11845,2.69308,291,0.455669,291,0,0,0
0.637955,0.7,15.4404,-10.0837,3.11845,2.69524,292,0.442713,292,0,0,0
0.63852,0.7,15.4404,-10.0837,3.11845,2.69524,293,0.429757,293,0,0,0
0.639068,0.7,15.4404,-10.0837,3.11845,2.69613,294,0.416802,294,0,0,0
0.6396,0.7,15.4404,-10.0837,3.11845,2.69613,295,0.403846,295,0,0,0
0.635777,0.7,15.3417,-10.0886,3.1188,2.69613,296,0.489612,296,0,0,0
0.636403,0.7,15.3417,-10.0886,3.1188,2.69613,297,0.476656,297,0,0,0
0.637012,0.7,15.3417,-10.0886,3.1188,2.69613,298,0.4637,298,0,0,0
0.635505,0.7,15.2976,-10.0815,3.11782,2.69613,299,0.494883,299,0,0,0
0.636137,0.7,15.2976,-10.0815,3.11782,2.69613,300,0.481927,300,0,0,0
0.636753,0.7,15.2976,-10.0815,3.11782,2.71523,301,0.468972,301,0,0,0
0.637353,0.7,15.2976,-10.0815,3.11782,2.69448,302,0.456016,302,0,0,0
0.637935,0.7,15.2976,-10.0815,3.11782,2.69448,303,0.44306,303,0,0,0
0.638501,0.7,15.2976,-10.0815,3.11782,2.6694,304,0.430104,304,0,0,0
0.639049,0.7,15.2976,-10.0815,3.11782,2.6694,305,0.417149,305,0,0,0
0.637485,0.7,15.2491,-10.0719,3.11758,2.6486,306,0.452825,306,0,0,0
0.638063,0.7,15.2491,-10.0719,3.11758,2.63195,307,0.439869,307,0,0,0
0.638625,0.7,15.2491,-10.0719,3.11758,2.63195,308,0.426913,308,0,0,0
0.635369,0.7,15.1649,-10.0687,3.12443,2.61412,309,0.49813,309,0,0,0
0.636006,0.7,15.1649,-10.0687,3.12443,2.61412,310,0.485174,310,0,0,0
0.636626,0.7,15.1649,-10.0687,3.12443,2.60064,311,0.472218,311,0,0,0
0.635372,0.7,15.1261,-10.0608,3.12762,2.5976,312,0.49821,312,0,0,0
0.636009,0.7,15.1261,-10.0608,3.12762,2.5976,313,0.485254,313,0,0,0
0.636629,0.7,15.1261,-10.0608,3.12762,2.59903,314,0.472299,314,0,0,0
0.637232,0.7,15.1261,-10.0608,3.12762,2.59903,315,0.459343,315,0,0,0
0.636351,0.7,15.0942,-10.0617,3.12894,2.60564,316,0.478211,316,0,0,0
0.636962,0.7,15.0942,-10.0617,3.12894,2.61003,317,0.465255,317,0,0,0
0.637557,0.7,15.0942,-10.0617,3.12894,2.61003,318,0.452299,318,0,0,0
0.636187,0.7,15.0519,-10.0643,3.12852,2.60951,319,0.481638,319,0,0,0
0.636802,0.7,15.0519,-10.0643,3.12852,2.60951,320,0.468683,320,0,0,0
0.637401,0.7,15.0519,-10.0643,3.12852,2.60871,321,0.455727,321,0,0,0
0.635918,0.7,15.0075,-10.0636,3.1279,2.61454,322,0.487166,322,0,0,0
0.636541,0.7,15.0075,-10.0636,3.1279,2.61454,323,0.47421,323,0,0,0
0.637147,0.7,15.0075,-10.0636,3.1279,2.61765,324,0.461254,324,0,0,0
0.637736,0.7,15.0075,-10.0636,3.1279,2.61765,325,0.448298,325,0,0,0
0.638308,0.7,15.0075,-10.0636,3.1279,2.62695,326,0.435343,326,0,0,0
0.638864,0.7,15.0075,-10.0636,3.1279,2.63808,327,0.422387,327,0,0,0
0.639403,0.7,15.0075,-10.0636,3.1279,2.63808,328,0.409431,328,0,0,0
0.6365,0.7,14.929,-10.0692,3.12417,2.63761,329,0.474916,329,0,0,0
0.637106,0.7,14.929,-10.0692,3.12417,2.63761,330,0.46196,330,0,0,0
0.637697,0.7,14.929,-10.0692,3.12417,2.63747,331,0.449004,331,0,0,0
0.636026,0.7,14.8804,-10.0682,3.12347,2.63952,332,0.484723,332,0,0,0
0.636646,0.7,14.8804,-10.0682,3.12347,2.63952,333,0.471767,333,0,0,0
0.637248,0.7,14.8804,-10.0682,3.12347,2.63757,334,0.458812,334,0,0,0
0.637834,0.7,14.8804,-10.0682,3.12347,2.63976,335,0.445856,335,0,0,0
0.638404,0.7,14.8804,-10.0682,3.12347,2.63976,336,0.4329,336,0,0,0
0.638956,0.7,14.8804,-10.0682,3.12347,2.64678,337,0.419944,337,0,0,0
0.639492,0.7,14.8804,-10.0682,3.12347,2.64678,338,0.406989,338,0,0,0
0.636836,0.7,14.807,-10.0631,3.12197,2.65557,339,0.467487,339,0,0,0
0.637433,0.7,14.807,-10.0631,3.12197,2.66294,340,0.454532,340,0,0,0
0.638014,0.7,14.807,-10.0631,3.12197,2.66294,341,0.441576,341,0,0,0
0.638577,0.7,14.807,-10.0631,3.12197,2.66647,342,0.42862,342,0,0,0
0.639124,0.7,14.807,-10.0631,3.12197,2.66647,343,0.415664,343,0,0,0
0.639654,0.7,14.807,-10.0631,3.12197,2.66306,344,0.402709,344,0,0,0
0.640168,0.7,14.807,-10.0631,3.12197,2.66306,345,0.389753,345,0,0,0
0.639349,0.7,14.7736,-10.0658,3.12072,2.66044,346,0.410123,346,0,0,0
0.639872,0.7,14.7736,-10.0658,3.12072,2.65556,347,0.397168,347,0,0,0
0.640378,0.7,14.7736,-10.0658,3.12072,2.65556,348,0.384212,348,0,0,0
0.637456,0.7,14.6911,-10.0733,3.11724,2.65482,349,0.453632,349,0,0,0
0.638036,0.7,14.6911,-10.0733,3.11724,2.65482,350,0.440676,350,0,0,0
0.638598,0.7,14.6911,-10.0733,3.11724,2.65976,351,0.427721,351,0,0,0
0.639144,0.7,14.6911,-10.0733,3.11724,2.66681,352,0.414765,352,0,0,0
0.639673,0.7,14.6911,-10.0733,3.11724,2.66681,353,0.401809,353,0,0,0
0.640185,0.7,14.6911,-10.0733,3.11724,2.67685,354,0.388853,354,0,0,0
0.64068,0.7,14.6911,-10.0733,3.11724,2.67685,355,0.375898,355,0,0,0
0.638978,0.7,14.6352,-10.0713,3.11833,2.68915,356,0.418887,356,0,0,0
0.639512,0.7,14.6352,-10.0713,3.11833,2.68915,357,0.405931,357,0,0,0
0.64003,0.7,14.6352,-10.0713,3.11833,2.7001,358,0.392975,358,0,0,0
0.63681,0.7,14.5479,-10.0645,3.11675,2.71099,359,0.467374,359,0,0,0
0.637407,0.7,14.5479,-10.0645,3.11675,2.71099,360,0.454418,360,0,0,0
0.637987,0.7,14.5479,-10.0645,3.11675,2.71939,361,0.441462,361,0,0,0
0.638551,0.7,14.5479,-10.0645,3.11675,2.72898,362,0.428507,362,0,0,0
0.636913,0.7,14.4983,-10.063,3.11683,2.72898,363,0.46514,363,0,0,0
0.637508,0.7,14.4983,-10.063,3.11683,2.74171,364,0.452184,364,0,0,0
0.638085,0.7,14.4983,-10.063,3.11683,2.74171,365,0.439228,365,0,0,0
0.638646,0.7,14.4983,-10.063,3.11683,2.75209,366,0.426273,366,0,0,0
0.639189,0.7,14.4983,-10.063,3.11683,2.76543,367,0.413317,367,0,0,0
0.639716,0.7,14.4983,-10.063,3.11683,2.76543,368,0.400361,368,0,0,0
0.636343,0.7,14.4084,-10.0667,3.11609,2.77517,369,0.477266,369,0,0,0
0.636953,0.7,14.4084,-10.0667,3.11609,2.77517,370,0.46431,370,0,0,0
0.637546,0.7,14.4084,-10.0667,3.11609,2.78389,371,0.451354,371,0,0,0
0.638122,0.7,14.4084,-10.0667,3.11609,2.78722,372,0.438399,372,0,0,0
0.638682,0.7,14.4084,-10.0667,3.11609,2.78722,373,0.425443,373,0,0,0
0.639225,0.7,14.4084,-10.0667,3.11609,2.7887,374,0.412487,374,0,0,0
0.639751,0.7,14.4084,-10.0667,3.11609,2.7887,375,0.399531,375,0,0,0
0.636101,0.7,14.3128,-10.0602,3.11671,2.78595,376,0.482242,376,0,0,0
0.636717,0.7,14.3128,-10.0602,3.11671,2.78149,377,0.469286,377,0,0,0
0.637317,0.7,14.3128,-10.0602,3.11671,2.78149,378,0.456331,378,0,0,0
0.635446,0.7,14.2607,-10.0582,3.11646,2.77343,379,0.495544,379,0,0,0
0.63608,0.7,14.2607,-10.0582,3.11646,2.77343,380,0.482589,380,0,0,0
0.636697,0.7,14.2607,-10.0582,3.11646,2.76451,381,0.469633,381,0,0,0
0.637297,0.7,14.2607,-10.0582,3.11646,2.75636,382,0.456677,382,0,0,0
0.63788,0.7,14.2607,-10.0582,3.11646,2.75636,383,0.443721,383,0,0,0
0.638446,0.7,14.2607,-10.0582,3.11646,2.75522,384,0.430766,384,0,0,0
0.638996,0.7,14.2607,-10.0582,3.11646,2.75522,385,0.41781,385,0,0,0
0.637715,0.7,14.2179,-10.0604,3.11691,2.75242,386,0.447606,386,0,0,0
0.638287,0.7,14.2179,-10.0604,3.11691,2.74116,387,0.43465,387,0,0,0
0.638841,0.7,14.2179,-10.0604,3.11691,2.74116,388,0.421694,388,0,0,0
0.635394,0.7,14.1298,-10.0569,3.11829,2.72515,389,0.496914,389,0,0,0
0.636029,0.7,14.1298,-10.0569,3.11829,2.72515,390,0.483958,390,0,0,0
0.636648,0.7,14.1298,-10.0569,3.11829,2.70584,391,0.471002,391,0,0,0
0.634655,0.7,14.0761,-10.0535,3.12021,2.70584,392,0.511764,392,0,0,0
0.63531,0.7,14.0761,-10.0535,3.12021,2.70584,393,0.498808,393,0,0,0
0.635947,0.7,14.0761,-10.0535,3.12021,2.69337,394,0.485852,394,0,0,0
0.636568,0.7,14.0761,-10.0535,3.12021,2.69337,395,0.472896,395,0,0,0
0.634665,0.7,14.0243,-10.0479,3.12268,2.69337,396,0.511762,396,0,0,0
0.635319,0.7,14.0243,-10.0479,3.12268,2.69382,397,0.498806,397,0,0,0
0.635957,0.7,14.0243,-10.0479,3.12268,2.69382,398,0.48585,398,0,0,0
0.634956,0.7,13.9909,-10.0499,3.12478,2.69382,399,0.506293,399,0,0,0
0.635604,0.7,13.9909,-10.0499,3.12478,2.69382,400,0.493337,400,0,0,0
0.636234,0.7,13.9909,-10.0499,3.12478,2.70637,401,0.480381,401,0,0,0
0.63418,0.7,13.9373,-10.0416,3.12332,2.70207,402,0.52109,402,0,0,0
0.634847,0.7,13.9373,-10.0416,3.12332,2.70207,403,0.508134,403,0,0,0
0.635496,0.7,13.9373,-10.0416,3.12332,2.69741,404,0.495179,404,0,0,0
0.63613,0.7,13.9373,-10.0416,3.12332,2.69741,405,0.482223,405,0,0,0
0.636746,0.7,13.9373,-10.0416,3.12332,2.69461,406,0.469267,406,0,0,0
0.637345,0.7,13.9373,-10.0416,3.12332,2.68688,407,0.456311,407,0,0,0
0.637928,0.7,13.9373,-10.0416,3.12332,2.68688,408,0.443356,408,0,0,0
0.634508,0.7,13.8529,-10.0375,3.12466,2.67774,409,0.514824,409,0,0,0
0.635167,0.7,13.8529,-10.0375,3.12466,2.67774,410,0.501869,410,0,0,0
0.635809,0.7,13.8529,-10.0375,3.12466,2.67217,411,0.488913,411,0,0,0
0.636434,0.7,13.8529,-10.0375,3.12466,2.66787,412,0.475957,412,0,0,0
0.637042,0.7,13.8529,-10.0375,3.12466,2.66787,413,0.463001,413,0,0,0
0.637633,0.7,13.8529,-10.0375,3.12466,2.66652,414,0.450046,414,0,0,0
0.638208,0.7,13.8529,-10.0375,3.12466,2.66652,415,0.43709,415,0,0,0
0.634868,0.7,13.7695,-10.0427,3.12103,2.67174,416,0.507482,416,0,0,0
0.635517,0.7,13.7695,-10.0427,3.12103,2.67908,417,0.494526,417,0,0,0
0.636149,0.7,13.7695,-10.0427,3.12103,2.67908,418,0.481571,418,0,0,0
0.634517,0.7,13.7242,-10.0408,3.11888,2.68749,419,0.513953,419,0,0,0
0.635175,0.7,13.7242,-10.0408,3.11888,2.68749,420,0.500997,420,0,0,0
0.635815,0.7,13.7242,-10.0408,3.11888,2.69538,421,0.488042,421,0,0,0
0.636439,0.7,13.7242,-10.0408,3.11888,2.70426,422,0.475086,422,0,0,0
0.637046,0.7,13.7242,-10.0408,3.11888,2.70426,423,0.46213,423,0,0,0
0.637636,0.7,13.7242,-10.0408,3.11888,2.70944,424,0.449174,424,0,0,0
0.63821,0.7,13.7242,-10.0408,3.11888,2.70944,425,0.436219,425,0,0,0
0.636739,0.7,13.6782,-10.0441,3.12101,2.71641,426,0.46923,426,0,0,0
0.637338,0.7,13.6782,-10.0441,3.12101,2.71965,427,0.456274,427,0,0,0
0.637921,0.7,13.6782,-10.0441,3.12101,2.71965,428,0.443318,428,0,0,0
0.634197,0.7,13.5884,-10.035,3.1207,2.72188,429,0.520278,429,0,0,0
0.634863,0.7,13.5884,-10.035,3.1207,2.72188,430,0.507322,430,0,0,0
0.635512,0.7,13.5884,-10.035,3.1207,2.72283,431,0.494366,431,0,0,0
0.63379,0.7,13.5418,-10.0338,3.12064,2.72474,432,0.52801,432,0,0,0
0.634465,0.7,13.5418,-10.0338,3.12064,2.72474,433,0.515054,433,0,0,0
0.635124,0.7,13.5418,-10.0338,3.12064,2.72549,434,0.502098,434,0,0,0
0.635766,0.7,13.5418,-10.0338,3.12064,2.72549,435,0.489142,435,0,0,0
0.636392,0.7,13.5418,-10.0338,3.12064,2.73275,436,0.476187,436,0,0,0
0.637,0.7,13.5418,-10.0338,3.12064,2.73881,437,0.463231,437,0,0,0
0.637592,0.7,13.5418,-10.0338,3.12064,2.73881,438,0.450275,438,0,0,0
0.633945,0.7,13.4538,-10.0365,3.12135,2.74405,439,0.525289,439,0,0,0
0.634617,0.7,13.4538,-10.0365,3.12135,2.74405,440,0.512334,440,0,0,0
0.635272,0.7,13.4538,-10.0365,3.12135,2.75008,441,0.499378,441,0,0,0
0.635911,0.7,13.4538,-10.0365,3.12135,2.76332,442,0.486422,442,0,0,0
0.634425,0.7,13.4108,-10.0346,3.12492,2.76332,443,0.516491,443,0,0,0
0.635085,0.7,13.4108,-10.0346,3.12492,2.78099,444,0.503535,444,0,0,0
0.635729,0.7,13.4108,-10.0346,3.12492,2.78099,445,0.490579,445,0,0,0
0.633839,0.7,13.361,-10.0275,3.12418,2.79977,446,0.527442,446,0,0,0
0.634513,0.7,13.361,-10.0275,3.12418,2.81613,447,0.514486,447,0,0,0
0.635172,0.7,13.361,-10.0275,3.12418,2.81613,448,0.50153,448,0,0,0
0.633501,0.7,13.3164,-10.0291,3.11947,2.83219,449,0.533126,449,0,0,0
0.634184,0.7,13.3164,-10.0291,3.11947,2.83219,450,0.520171,450,0,0,0
0.634849,0.7,13.3164,-10.0291,3.11947,2.84027,451,0.507215,451,0,0,0
0.633044,0.7,13.2697,-10.0356,3.11428,2.8436,452,0.540912,452,0,0,0
0.633736,0.7,13.2697,-10.0356,3.11428,2.8436,453,0.527956,453,0,0,0
0.634412,0.7,13.2697,-10.0356,3.11428,2.84737,454,0.515,454,0,0,0
0.635071,0.7,13.2697,-10.0356,3.11428,2.84737,455,0.502045,455,0,0,0
0.635713,0.7,13.2697,-10.0356,3.11428,2.85255,456,0.489089,456,0,0,0
0.636338,0.7,13.2697,-10.0356,3.11428,2.84715,457,0.476133,457,0,0,0
0.636946,0.7,13.2697,-10.0356,3.11428,2.84715,458,0.463177,458,0,0,0
0.632766,0.7,13.1746,-10.0391,3.11005,2.85013,459,0.545268,459,0,0,0
0.633464,0.7,13.1746,-10.0391,3.11005,2.85013,460,0.532312,460,0,0,0
0.634145,0.7,13.1746,-10.0391,3.11005,2.85232,461,0.519357,461,0,0,0
0.632589,0.7,13.1321,-10.0393,3.11179,2.8551,462,0.548966,462,0,0,0
0.633292,0.7,13.1321,-10.0393,3.11179,2.8551,463,0.536011,463,0,0,0
0.633978,0.7,13.1321,-10.0393,3.11179,2.86037,464,0.523055,464,0,0,0
0.634647,0.7,13.1321,-10.0393,3.11179,2.86037,465,0.510099,465,0,0,0
0.632997,0.7,13.0886,-10.0316,3.11061,2.86927,466,0.540722,466,0,0,0
0.633689,0.7,13.0886,-10.0316,3.11061,2.87915,467,0.527767,467,0,0,0
0.634364,0.7,13.0886,-10.0316,3.11061,2.87915,468,0.514811,468,0,0,0
0.633371,0.7,13.056,-10.0294,3.11362,2.8851,469,0.534416,469,0,0,0
0.634055,0.7,13.056,-10.0294,3.11362,2.8851,470,0.521461,470,0,0,0
0.634722,0.7,13.056,-10.0294,3.11362,2.89157,471,0.508505,471,0,0,0
0.635372,0.7,13.056,-10.0294,3.11362,2.89392,472,0.495549,472,0,0,0
0.636006,0.7,13.056,-10.0294,3.11362,2.89392,473,0.482593,473,0,0,0
0.636623,0.7,13.056,-10.0294,3.11362,2.88274,474,0.469638,474,0,0,0
0.637223,0.7,13.056,-10.0294,3.11362,2.88274,475,0.456682,475,0,0,0
0.633456,0.7,12.9683,-10.0279,3.10872,2.86043,476,0.531406,476,0,0,0
0.634136,0.7,12.9683,-10.0279,3.10872,2.83375,477,0.51845,477,0,0,0
0.634799,0.7,12.9683,-10.0279,3.10872,2.83375,478,0.505495,478,0,0,0
0.633672,0.7,12.9341,-10.0248,3.10792,2.8134,479,0.526834,479,0,0,0
0.634346,0.7,12.9341,-10.0248,3.10792,2.8134,480,0.513878,480,0,0,0
0.635003,0.7,12.9341,-10.0248,3.10792,2.79681,481,0.500922,481,0,0,0
0.633283,0.7,12.8885,-10.0226,3.10665,2.77754,482,0.533578,482,0,0,0
0.633966,0.7,12.8885,-10.0226,3.10665,2.77754,483,0.520622,483,0,0,0
0.634632,0.7,12.8885,-10.0226,3.10665,2.76109,484,0.507666,484,0,0,0
0.635281,0.7,12.8885,-10.0226,3.10665,2.76109,485,0.49471,485,0,0,0
0.635913,0.7,12.8885,-10.0226,3.10665,2.75163,486,0.481755,486,0,0,0
0.636528,0.7,12.8885,-10.0226,3.10665,2.74817,487,0.468799,487,0,0,0
0.637127,0.7,12.8885,-10.0226,3.10665,2.74817,488,0.455843,488,0,0,0
0.633752,0.7,12.8062,-10.0165,3.10947,2.7497,489,0.525168,489,0,0,0
0.634424,0.7,12.8062,-10.0165,3.10947,2.7497,490,0.512212,490,0,0,0
0.635079,0.7,12.8062,-10.0165,3.10947,2.75408,491,0.499257,491,0,0,0
0.633037,0.7,12.7544,-10.0125,3.10914,2.75408,492,0.538176,492,0,0,0
0.633726,0.7,12.7544,-10.0125,3.10914,2.75408,493,0.52522,493,0,0,0
0.634397,0.7,12.7544,-10.0125,3.10914,2.76198,494,0.512264,494,0,0,0
0.635052,0.7,12.7544,-10.0125,3.10914,2.76198,495,0.499308,495,0,0,0
0.633159,0.7,12.7055,-10.0162,3.10619,2.77662,496,0.535224,496,0,0,0
0.633844,0.7,12.7055,-10.0162,3.10619,2.78089,497,0.522268,497,0,0,0
0.634512,0.7,12.7055,-10.0162,3.10619,2.78089,498,0.509313,498,0,0,0
0.633448,0.7,12.6727,-10.0151,3.10478,2.78089,499,0.529163,499,0,0,0
0.634125,0.7,12.6727,-10.0151,3.10478,2.78089,500,0.516207,500,0,0,0
0.634785,0.7,12.6727,-10.0151,3.10478,2.79553,501,0.503251,501,0,0,0
0.635428,0.7,12.6727,-10.0151,3.10478,2.7982,502,0.490296,502,0,0,0
0.634007,0.7,12.6336,-10.0117,3.10078,2.7982,503,0.51639,503,0,0,0
0.634667,0.7,12.6336,-10.0117,3.10078,2.80063,504,0.503435,504,0,0,0
0.63531,0.7,12.6336,-10.0117,3.10078,2.80063,505,0.490479,505,0,0,0
0.633735,0.7,12.5897,-10.0068,3.10173,2.80391,506,0.521442,506,0,0,0
0.634402,0.7,12.5897,-10.0068,3.10173,2.79785,507,0.508487,507,0,0,0
0.635052,0.7,12.5897,-10.0068,3.10173,2.79785,508,0.495531,508,0,0,0
0.633405,0.7,12.5452,-10.0048,3.10093,2.78984,509,0.527121,509,0,0,0
0.634079,0.7,12.5452,-10.0048,3.10093,2.78984,510,0.514165,510,0,0,0
0.634736,0.7,12.5452,-10.0048,3.10093,2.78536,511,0.501209,511,0,0,0
0.632953,0.7,12.4963,-10.0089,3.1031,2.78201,512,0.537116,512,0,0,0
0.633641,0.7,12.4963,-10.0089,3.1031,2.78201,513,0.52416,513,0,0,0
0.634311,0.7,12.4963,-10.0089,3.1031,2.77757,514,0.511204,514,0,0,0
0.634964,0.7,12.4963,-10.0089,3.1031,2.77757,515,0.498249,515,0,0,0
0.635601,0.7,12.4963,-10.0089,3.1031,2.77149,516,0.485293,516,0,0,0
0.636221,0.7,12.4963,-10.0089,3.1031,2.76481,517,0.472337,517,0,0,0
0.636824,0.7,12.4963,-10.0089,3.1031,2.76481,518,0.459381,518,0,0,0
0.633518,0.7,12.4168,-10.0118,3.10092,2.76612,519,0.525938,519,0,0,0
0.63419,0.7,12.4168,-10.0118,3.10092,2.76612,520,0.512982,520,0,0,0
0.634846,0.7,12.4168,-10.0118,3.10092,2.76646,521,0.500027,521,0,0,0
0.632753,0.7,12.3631,-10.0057,3.10383,2.76535,522,0.540784,522,0,0,0
0.633445,0.7,12.3631,-10.0057,3.10383,2.76535,523,0.527828,523,0,0,0
0.63412,0.7,12.3631,-10.0057,3.10383,2.76879,524,0.514873,524,0,0,0
0.634778,0.7,12.3631,-10.0057,3.10383,2.76879,525,0.501917,525,0,0,0
0.635419,0.7,12.3631,-10.0057,3.10383,2.77276,526,0.488961,526,0,0,0
0.636044,0.7,12.3631,-10.0057,3.10383,2.7779,527,0.476005,527,0,0,0
0.636652,0.7,12.3631,-10.0057,3.10383,2.7779,528,0.46305,528,0,0,0
0.633235,0.7,12.2818,-10.0008,3.10429,2.78223,529,0.531361,529,0,0,0
0.633915,0.7,12.2818,-10.0008,3.10429,2.78223,530,0.518405,530,0,0,0
0.634577,0.7,12.2818,-10.0008,3.10429,2.78652,531,0.505449,531,0,0,0
0.632714,0.7,12.2343,-9.99463,3.10392,2.79304,532,0.540072,532,0,0,0
0.633405,0.7,12.2343,-9.99463,3.10392,2.79304,533,0.527116,533,0,0,0
0.634079,0.7,12.2343,-9.99463,3.10392,2.80352,534,0.514161,534,0,0,0
0.634736,0.7,12.2343,-9.99463,3.10392,2.80352,535,0.501205,535,0,0,0
0.63292,0.7,12.1875,-9.99613,3.10098,2.81241,536,0.535042,536,0,0,0
0.633604,0.7,12.1875,-9.99613,3.10098,2.81891,537,0.522086,537,0,0,0
0.634272,0.7,12.1875,-9.99613,3.10098,2.81891,538,0.509131,538,0,0,0
0.632863,0.7,12.1479,-9.99459,3.10076,2.82494,539,0.535739,539,0,0,0
0.633548,0.7,12.1479,-9.99459,3.10076,2.82494,540,0.522783,540,0,0,0
0.634216,0.7,12.1479,-9.99459,3.10076,2.827,541,0.509827,541,0,0,0
0.632879,0.7,12.1062,-9.99462,3.10747,2.83189,542,0.53854,542,0,0,0
0.633568,0.7,12.1062,-9.99462,3.10747,2.83189,543,0.525584,543,0,0,0
0.63424,0.7,12.1062,-9.99462,3.10747,2.83709,544,0.512628,544,0,0,0
0.634896,0.7,12.1062,-9.99462,3.10747,2.83709,545,0.499673,545,0,0,0
0.635534,0.7,12.1062,-9.99462,3.10747,2.83986,546,0.486717,546,0,0,0
0.636156,0.7,12.1062,-9.99462,3.10747,2.84048,547,0.473761,547,0,0,0
0.636761,0.7,12.1062,-9.99462,3.10747,2.84048,548,0.460805,548,0,0,0
0.633184,0.7,12.0227,-9.9915,3.1053,2.84048,549,0.5314,549,0,0,0
0.633863,0.7,12.0227,-9.9915,3.1053,2.84048,550,0.518445,550,0,0,0
0.634526,0.7,12.0227,-9.9915,3.1053,2.83919,551,0.505489,551,0,0,0
0.632634,0.7,11.9738,-9.98896,3.10559,2.83076,552,0.541365,552,0,0,0
0.633327,0.7,11.9738,-9.98896,3.10559,2.83076,553,0.528409,553,0,0,0
0.634003,0.7,11.9738,-9.98896,3.10559,2.83076,554,0.515454,554,0,0,0
0.634661,0.7,11.9738,-9.98896,3.10559,2.83076,555,0.502498,555,0,0,0
0.633187,0.7,11.9328,-9.98904,3.10464,2.81957,556,0.530589,556,0,0,0
0.633865,0.7,11.9328,-9.98904,3.10464,2.81957,557,0.517633,557,0,0,0
0.634527,0.7,11.9328,-9.98904,3.10464,2.81957,558,0.504677,558,0,0,0
0.632842,0.7,11.887,-9.9945,3.10379,2.81184,559,0.537515,559,0,0,0
0.63353,0.7,11.887,-9.9945,3.10379,2.81184,560,0.524559,560,0,0,0
0.6342,0.7,11.887,-9.9945,3.10379,2.81184,561,0.511603,561,0,0,0
0.634854,0.7,11.887,-9.9945,3.10379,2.80788,562,0.498648,562,0,0,0
0.635491,0.7,11.887,-9.9945,3.10379,2.80788,563,0.485692,563,0,0,0
0.636112,0.7,11.887,-9.9945,3.10379,2.79872,564,0.472736,564,0,0,0
0.636715,0.7,11.887,-9.9945,3.10379,2.79872,565,0.45978,565,0,0,0
0.633046,0.7,11.7984,-9.99471,3.10756,2.78422,566,0.535408,566,0,0,0
0.633731,0.7,11.7984,-9.99471,3.10756,2.76523,567,0.522452,567,0,0,0
0.634399,0.7,11.7984,-9.99471,3.10756,2.76523,568,0.509496,568,0,0,0
0.632744,0.7,11.7537,-9.99774,3.10703,2.74873,569,0.541244,569,0,0,0
0.633436,0.7,11.7537,-9.99774,3.10703,2.74873,570,0.528289,570,0,0,0
0.634112,0.7,11.7537,-9.99774,3.10703,2.73789,571,0.515333,571,0,0,0
0.634771,0.7,11.7537,-9.99774,3.10703,2.73789,572,0.502377,572,0,0,0
0.635413,0.7,11.7537,-9.99774,3.10703,2.73789,573,0.489421,573,0,0,0
0.636038,0.7,11.7537,-9.99774,3.10703,2.74311,574,0.476466,574,0,0,0
0.636647,0.7,11.7537,-9.99774,3.10703,2.74311,575,0.46351,575,0,0,0
0.63553,0.7,11.7173,-9.99566,3.10769,2.75248,576,0.486965,576,0,0,0
0.636152,0.7,11.7173,-9.99566,3.10769,2.75514,577,0.474009,577,0,0,0
0.636757,0.7,11.7173,-9.99566,3.10769,2.75514,578,0.461053,578,0,0,0
0.632364,0.7,11.6175,-10.0064,3.10286,2.75774,579,0.547855,579,0,0,0
0.633065,0.7,11.6175,-10.0064,3.10286,2.75774,580,0.5349,580,0,0,0
0.633749,0.7,11.6175,-10.0064,3.10286,2.76172,581,0.521944,581,0,0,0
0.632501,0.7,11.5804,-10.0061,3.10496,2.76285,582,0.546161,582,0,0,0
0.6332,0.7,11.5804,-10.0061,3.10496,2.76285,583,0.533206,583,0,0,0
0.633882,0.7,11.5804,-10.0061,3.10496,2.7557,584,0.52025,584,0,0,0
0.634547,0.7,11.5804,-10.0061,3.10496,2.7557,585,0.507294,585,0,0,0
0.632948,0.7,11.537,-10.0106,3.10261,2.7557,586,0.5377,586,0,0,0
0.633635,0.7,11.537,-10.0106,3.10261,2.75398,587,0.524744,587,0,0,0
0.634306,0.7,11.537,-10.0106,3.10261,2.75398,588,0.511789,588,0,0,0
0.632579,0.7,11.4932,-10.0094,3.09862,2.75398,589,0.542623,589,0,0,0
0.633274,0.7,11.4932,-10.0094,3.09862,2.75398,590,0.529668,590,0,0,0
0.633951,0.7,11.4932,-10.0094,3.09862,2.76488,591,0.516712,591,0,0,0
0.634611,0.7,11.4932,-10.0094,3.09862,2.76488,592,0.503756,592,0,0,0
0.635255,0.7,11.4932,-10.0094,3.09862,2.76488,593,0.4908,593,0,0,0
0.635882,0.7,11.4932,-10.0094,3.09862,2.76488,594,0.477845,594,0,0,0
0.636492,0.7,11.4932,-10.0094,3.09862,2.76488,595,0.464889,595,0,0,0
0.632283,0.7,11.3988,-9.99362,3.10149,2.76488,596,0.54637,596,0,0,0
0.632982,0.7,11.3988,-9.99362,3.10149,2.76488,597,0.533414,597,0,0,0
0.633664,0.7,11.3988,-9.99362,3.10149,2.76488,598,0.520459,598,0,0,0
0.632571,0.7,11.3659,-9.99154,3.10113,2.82054,599,0.540326,599,0,0,0
0.633262,0.7,11.3659,-9.99154,3.10113,2.82054,600,0.527371,600,0,0,0
0.633936,0.7,11.3659,-9.99154,3.10113,2.80391,601,0.514415,601,0,0,0
0.631517,0.7,11.3104,-9.99014,3.09841,2.78315,602,0.556974,602,0,0,0
0.632229,0.7,11.3104,-9.99014,3.09841,2.78315,603,0.544019,603,0,0,0
0.632925,0.7,11.3104,-9.99014,3.09841,2.75881,604,0.531063,604,0,0,0
0.633604,0.7,11.3104,-9.99014,3.09841,2.75881,605,0.518107,605,0,0,0
0.634266,0.7,11.3104,-9.99014,3.09841,2.74871,606,0.505151,606,0,0,0
0.634911,0.7,11.3104,-9.99014,3.09841,2.74871,607,0.492196,607,0,0,0
0.63554,0.7,11.3104,-9.99014,3.09841,2.74871,608,0.47924,608,0,0,0
0.632225,0.7,11.2345,-9.99928,3.09221,2.74774,609,0.542215,609,0,0,0
0.632918,0.7,11.2345,-9.99928,3.09221,2.74774,610,0.529259,610,0,0,0
0.633595,0.7,11.2345,-9.99928,3.09221,2.74841,611,0.516304,611,0,0,0
0.632094,0.7,11.1902,-10.004,3.0938,2.74956,612,0.547643,612,0,0,0
0.632795,0.7,11.1902,-10.004,3.0938,2.74956,613,0.534687,613,0,0,0
0.633478,0.7,11.1902,-10.004,3.0938,2.74453,614,0.521731,614,0,0,0
0.634145,0.7,11.1902,-10.004,3.0938,2.74453,615,0.508776,615,0,0,0
0.632784,0.7,11.1538,-10.0049,3.09014,2.74584,616,0.532231,616,0,0,0
0.633464,0.7,11.1538,-10.0049,3.09014,2.74584,617,0.519275,617,0,0,0
0.634128,0.7,11.1538,-10.0049,3.09014,2.74584,618,0.50632,618,0,0,0
0.632978,0.7,11.1202,-10.0043,3.08858,2.74403,619,0.526955,619,0,0,0
0.633651,0.7,11.1202,-10.0043,3.08858,2.74403,620,0.513999,620,0,0,0
0.634308,0.7,11.1202,-10.0043,3.08858,2.74013,621,0.501043,621,0,0,0
0.634948,0.7,11.1202,-10.0043,3.08858,2.73088,622,0.488087,622,0,0,0
0.635571,0.7,11.1202,-10.0043,3.08858,2.73088,623,0.475132,623,0,0,0
0.636178,0.7,11.1202,-10.0043,3.08858,2.72459,624,0.462176,624,0,0,0
0.636767,0.7,11.1202,-10.0043,3.08858,2.72459,625,0.44922,625,0,0,0
0.635001,0.7,11.0711,-9.99461,3.09158,2.71465,626,0.485338,626,0,0,0
0.635621,0.7,11.0711,-9.99461,3.09158,2.70712,627,0.472382,627,0,0,0
0.636224,0.7,11.0711,-9.99461,3.09158,2.70712,628,0.459427,628,0,0,0
0.635893,0.7,11.0558,-9.99099,3.08919,2.70117,629,0.461829,629,0,0,0
0.636482,0.7,11.0558,-9.99099,3.08919,2.70117,630,0.448873,630,0,0,0
0.637055,0.7,11.0558,-9.99099,3.08919,2.69431,631,0.435918,631,0,0,0
0.63623,0.7,11.028,-9.98978,3.08687,2.68547,632,0.450711,632,0,0,0
0.636805,0.7,11.028,-9.98978,3.08687,2.68547,633,0.437756,633,0,0,0
0.637362,0.7,11.028,-9.98978,3.08687,2.67593,634,0.4248,634,0,0,0
0.637904,0.7,11.028,-9.98978,3.08687,2.67593,635,0.411844,635,0,0,0
0.638428,0.7,11.028,-9.98978,3.08687,2.67593,636,0.398888,636,0,0,0
0.638936,0.7,11.028,-9.98978,3.08687,2.66335,637,0.385933,637,0,0,0
0.639426,0.7,11.028,-9.98978,3.08687,2.66335,638,0.372977,638,0,0,0
0.638532,0.7,10.9869,-9.99004,3.09026,2.65302,639,0.401138,639,0,0,0
0.639042,0.7,10.9869,-9.99004,3.09026,2.65302,640,0.388182,640,0,0,0
0.639536,0.7,10.9869,-9.99004,3.09026,2.64093,641,0.375226,641,0,0,0
0.640013,0.7,10.9869,-9.99004,3.09026,2.6326,642,0.362271,642,0,0,0
0.640473,0.7,10.9869,-9.99004,3.09026,2.6326,643,0.349315,643,0,0,0
0.640917,0.7,10.9869,-9.99004,3.09026,2.6326,644,0.336359,644,0,0,0
0.641344,0.7,10.9869,-9.99004,3.09026,2.6326,645,0.323403,645,0,0,0
0.640656,0.7,10.9595,-9.98432,3.08951,2.61907,646,0.337771,646,0,0,0
0.641084,0.7,10.9595,-9.98432,3.08951,2.6057,647,0.324815,647,0,0,0
0.641496,0.7,10.9595,-9.98432,3.08951,2.6057,648,0.31186,648,0,0,0
0.640145,0.7,10.9062,-9.97894,3.09231,2.58069,649,0.352139,649,0,0,0
0.640592,0.7,10.9062,-9.97894,3.09231,2.58069,650,0.339183,650,0,0,0
0.641023,0.7,10.9062,-9.97894,3.09231,2.55269,651,0.326227,651,0,0,0
0.640515,0.7,10.8789,-9.9763,3.09335,2.5381,652,0.340544,652,0,0,0
0.640947,0.7,10.8789,-9.9763,3.09335,2.5381,653,0.327588,653,0,0,0
0.641362,0.7,10.8789,-9.9763,3.09335,2.52898,654,0.314632,654,0,0,0
0.641761,0.7,10.8789,-9.9763,3.09335,2.52898,655,0.301676,655,0,0,0
0.64137,0.7,10.8538,-9.97565,3.09359,2.52898,656,0.313823,656,0,0,0
0.641768,0.7,10.8538,-9.97565,3.09359,2.52765,657,0.300868,657,0,0,0
0.642148,0.7,10.8538,-9.97565,3.09359,2.52765,658,0.287912,658,0,0,0
0.641715,0.7,10.8258,-9.97269,3.09559,2.52765,659,0.302969,659,0,0,0
0.642099,0.7,10.8258,-9.97269,3.09559,2.52765,660,0.290014,660,0,0,0
0.642465,0.7,10.8258,-9.97269,3.09559,2.53501,661,0.277058,661,0,0,0
0.642815,0.7,10.8258,-9.97269,3.09559,2.54314,662,0.264102,662,0,0,0
0.643149,0.7,10.8258,-9.97269,3.09559,2.54314,663,0.251146,663,0,0,0
0.643465,0.7,10.8258,-9.97269,3.09559,2.54148,664,0.238191,664,0,0,0
0.643765,0.7,10.8258,-9.97269,3.09559,2.54148,665,0.225235,665,0,0,0
0.643509,0.7,10.7958,-9.97294,3.09807,2.53982,666,0.242202,666,0,0,0
0.643814,0.7,10.7958,-9.97294,3.09807,2.53654,667,0.229247,667,0,0,0
0.644102,0.7,10.7958,-9.97294,3.09807,2.53654,668,0.216291,668,0,0,0
0.642673,0.7,10.7382,-9.9704,3.09405,2.52971,669,0.260895,669,0,0,0
0.643002,0.7,10.7382,-9.9704,3.09405,2.52971,670,0.24794,670,0,0,0
0.643315,0.7,10.7382,-9.9704,3.09405,2.52181,671,0.234984,671,0,0,0
0.64361,0.7,10.7382,-9.9704,3.09405,2.52181,672,0.222028,672,0,0,0
0.643889,0.7,10.7382,-9.9704,3.09405,2.52181,673,0.209072,673,0,0,0
0.644151,0.7,10.7382,-9.9704,3.09405,2.51082,674,0.196117,674,0,0,0
0.644396,0.7,10.7382,-9.9704,3.09405,2.51082,675,0.183161,675,0,0,0
0.643686,0.7,10.7051,-9.96549,3.09248,2.49659,676,0.20329,676,0,0,0
0.643941,0.7,10.7051,-9.96549,3.09248,2.49659,677,0.190334,677,0,0,0
0.644178,0.7,10.7051,-9.96549,3.09248,2.47901,678,0.177379,678,0,0,0
0.643448,0.7,10.6491,-9.96936,3.09257,2.462,679,0.220402,679,0,0,0
0.643724,0.7,10.6491,-9.96936,3.09257,2.462,680,0.207447,680,0,0,0
0.643984,0.7,10.6491,-9.96936,3.09257,2.462,681,0.194491,681,0,0,0
0.644227,0.7,10.6491,-9.96936,3.09257,2.43692,682,0.181535,682,0,0,0
0.644454,0.7,10.6491,-9.96936,3.09257,2.43692,683,0.168579,683,0,0,0
0.644663,0.7,10.6491,-9.96936,3.09257,2.4239,684,0.155624,684,0,0,0
0.644856,0.7,10.6491,-9.96936,3.09257,2.4239,685,0.142668,685,0,0,0
0.644491,0.7,10.6184,-9.96858,3.09198,2.40317,686,0.160422,686,0,0,0
0.64469,0.7,10.6184,-9.96858,3.09198,2.40015,687,0.147467,687,0,0,0
0.644872,0.7,10.6184,-9.96858,3.09198,2.40015,688,0.134511,688,0,0,0
0.644331,0.7,10.566,-9.97237,3.09113,2.40015,689,0.174041,689,0,0,0
0.644548,0.7,10.566,-9.97237,3.09113,2.40015,690,0.161085,690,0,0,0
0.644748,0.7,10.566,-9.97237,3.09113,2.40775,691,0.148129,691,0,0,0
0.644931,0.7,10.566,-9.97237,3.09113,2.40775,692,0.135174,692,0,0,0
0.645097,0.7,10.566,-9.97237,3.09113,2.40775,693,0.122218,693,0,0,0
0.645247,0.7,10.566,-9.97237,3.09113,2.44161,694,0.109262,694,0,0,0
0.64538,0.7,10.566,-9.97237,3.09113,2.44161,695,0.0963063,695,0,0,0
0.645095,0.7,10.5206,-9.97166,3.09322,2.45819,696,0.12868,696,0,0,0
0.645253,0.7,10.5206,-9.97166,3.09322,2.45819,697,0.115724,697,0,0,0
0.645394,0.7,10.5206,-9.97166,3.09322,2.45819,698,0.102768,698,0,0,0
0.645405,0.7,10.5019,-9.97075,3.09511,2.47529,699,0.108556,699,0,0,0
0.645537,0.7,10.5019,-9.97075,3.09511,2.47529,700,0.0956001,700,0,0,0
0.645652,0.7,10.5019,-9.97075,3.09511,2.46681,701,0.0826444,701,0,0,0
0.645751,0.7,10.5019,-9.97075,3.09511,2.45578,702,0.0696886,702,0,0,0
0.645832,0.7,10.5019,-9.97075,3.09511,2.45578,703,0.0567329,703,0,0,0
0.645897,0.7,10.5019,-9.97075,3.09511,2.43749,704,0.0437772,704,0,0,0
0.645946,0.7,10.5019,-9.97075,3.09511,2.43749,705,0.0308214,705,0,0,0
0.646165,0.7,10.4387,-9.97793,3.09912,2.43749,706,0.0811494,706,0,0,0
0.646262,0.7,10.4387,-9.97793,3.09912,1.6317,707,0.0681937,707,0,0,0
0.646342,0.7,10.4387,-9.97793,3.09912,1.6317,708,0.0552379,708,0,0,0
0.646084,0.7,10.408,-9.97387,3.09978,2.36674,709,0.072944,709,0,0,0
0.64617,0.7,10.408,-9.97387,3.09978,2.36674,710,0.0599883,710,0,0,0
0.646239,0.7,10.408,-9.97387,3.09978,2.36674,711,0.0470325,711,0,0,0
0.646483,0.7,10.3849,-9.97674,3.10333,2.36674,712,0.0572405,712,0,0,0
0.646549,0.7,10.3849,-9.97674,3.10333,2.36674,713,0.0442848,713,0,0,0
0.646598,0.7,10.3849,-9.97674,3.10333,2.36674,714,0.031329,714,0,0,0
0.64663,0.7,10.3849,-9.97674,3.10333,2.36674,715,0.0183733,715,0,0,0
0.64664,0.7,10.3504,-9.98018,3.10258,2.35026,716,0.039875,716,0,0,0
0.646683,0.7,10.3504,-9.98018,3.10258,2.35026,717,0.0269192,717,0,0,0
0.64671,0.7,10.3504,-9.98018,3.10258,2.35026,718,0.0139635,718,0,0,0
0.646839,0.7,10.3311,-9.98461,3.10231,2.35026,719,0.0204089,719,0,0,0
0.646857,0.7,10.3311,-9.98461,3.10231,2.35026,720,0.00745318,720,0,0,0
0.611635,0.7,10.3311,-9.98461,3.10231,2.33639,721,0.413289,721,0,0,0
0.611635,0.7,10.3311,-9.98461,3.10231,2.33639,722,0.249344,722,0,0,0
0.611431,0.7,10.301,-9.98898,3.10518,2.33208,723,0.26718,723,0,0,0
0.611752,0.7,10.301,-9.98898,3.10518,2.33208,724,0.254867,724,0,0,0
0.612058,0.7,10.301,-9.98898,3.10518,2.33208,725,0.242554,725,0,0,0
0.61175,0.7,10.2809,-9.98657,3.10429,2.33009,726,0.250267,726,0,0,0
0.61205,0.7,10.2809,-9.98657,3.10429,2.32423,727,0.237954,727,0,0,0
0.612335,0.7,10.2809,-9.98657,3.10429,2.32423,728,0.225641,728,0,0,0
0.612192,0.7,10.2667,-9.98292,3.10496,2.32219,729,0.227494,729,0,0,0
0.612464,0.7,10.2667,-9.98292,3.10496,2.32219,730,0.215182,730,0,0,0
0.612721,0.7,10.2667,-9.98292,3.10496,2.32219,731,0.202869,731,0,0,0
0.612963,0.7,10.2667,-9.98292,3.10496,2.32495,732,0.190557,732,0,0,0
0.61319,0.7,10.2667,-9.98292,3.10496,2.32495,733,0.178244,733,0,0,0
0.613401,0.7,10.2667,-9.98292,3.10496,2.32456,734,0.165931,734,0,0,0
0.613598,0.7,10.2667,-9.98292,3.10496,2.32456,735,0.153619,735,0,0,0
0.612887,0.7,10.2079,-9.98675,3.10499,1.6317,736,0.200217,736,0,0,0
0.613126,0.7,10.2079,-9.98675,3.10499,2.31716,737,0.187904,737,0,0,0
0.613349,0.7,10.2079,-9.98675,3.10499,2.31716,738,0.175591,738,0,0,0
0.613063,0.7,10.1845,-9.98616,3.10366,2.30783,739,0.186669,739,0,0,0
0.613285,0.7,10.1845,-9.98616,3.10366,2.30783,740,0.174356,740,0,0,0
0.613491,0.7,10.1845,-9.98616,3.10366,2.29927,741,0.162044,741,0,0,0
0.61286,0.7,10.1464,-9.98278,3.10292,2.29927,742,0.18774,742,0,0,0
0.613083,0.7,10.1464,-9.98278,3.10292,2.29927,743,0.175428,743,0,0,0
0.613291,0.7,10.1464,-9.98278,3.10292,2.2976,744,0.163115,744,0,0,0
0.613484,0.7,10.1464,-9.98278,3.10292,2.2976,745,0.150802,745,0,0,0
0.612957,0.7,10.118,-9.97752,3.1025,2.28913,746,0.166812,746,0,0,0
0.613155,0.7,10.118,-9.97752,3.1025,2.28035,747,0.1545,747,0,0,0
0.613337,0.7,10.118,-9.97752,3.1025,2.28035,748,0.142187,748,0,0,0
0.613399,0.7,10.0983,-9.97727,3.10633,2.27184,749,0.149601,749,0,0,0
0.613575,0.7,10.0983,-9.97727,3.10633,2.27184,750,0.137288,750,0,0,0
0.613736,0.7,10.0983,-9.97727,3.10633,2.27184,751,0.124976,751,0,0,0
0.613882,0.7,10.0983,-9.97727,3.10633,2.27041,752,0.112663,752,0,0,0
0.614013,0.7,10.0983,-9.97727,3.10633,2.27041,753,0.10035,753,0,0,0
0.614129,0.7,10.0983,-9.97727,3.10633,2.26831,754,0.0880378,754,0,0,0
0.61423,0.7,10.0983,-9.97727,3.10633,2.26831,755,0.0757252,755,0,0,0
0.613412,0.7,10.0352,-9.97256,3.10593,2.26557,756,0.126354,756,0,0,0
0.613559,0.7,10.0352,-9.97256,3.10593,2.26557,757,0.114041,757,0,0,0
0.613692,0.7,10.0352,-9.97256,3.10593,2.26557,758,0.101729,758,0,0,0
0.613601,0.7,10.0132,-9.97283,3.10634,2.27253,759,0.111442,759,0,0,0
0.613731,0.7,10.0132,-9.97283,3.10634,2.27253,760,0.0991295,760,0,0,0
0.613845,0.7,10.0132,-9.97283,3.10634,2.27253,761,0.0868169,761,0,0,0
0.613944,0.7,10.0132,-9.97283,3.10634,2.27633,762,0.0745043,762,0,0,0
0.614028,0.7,10.0132,-9.97283,3.10634,2.27633,763,0.0621917,763,0,0,0
0.614097,0.7,10.0132,-9.97283,3.10634,2.27633,764,0.0498791,764,0,0,0
0.614151,0.7,10.0132,-9.97283,3.10634,2.27633,765,0.0375665,765,0,0,0
0.614182,0.7,9.98702,-9.97477,3.10669,2.26688,766,0.0514353,766,0,0,0
0.614238,0.7,9.98702,-9.97477,3.10669,2.25622,767,0.0391227,767,0,0,0
0.614279,0.7,9.98702,-9.97477,3.10669,2.25622,768,0.0268101,768,0,0,0
0.613823,0.7,9.92678,-9.97246,3.10636,2.24444,769,0.0746577,769,0,0,0
0.613907,0.7,9.92678,-9.97246,3.10636,2.24444,770,0.0623451,770,0,0,0
0.613976,0.7,9.92678,-9.97246,3.10636,2.23375,771,0.0500324,771,0,0,0
0.613582,0.7,9.88929,-9.97134,3.10421,2.2327,772,0.0751597,772,0,0,0
0.613667,0.7,9.88929,-9.97134,3.10421,2.2327,773,0.0628471,773,0,0,0
0.613736,0.7,9.88929,-9.97134,3.10421,2.2327,774,0.0505345,774,0,0,0
0.613791,0.7,9.88929,-9.97134,3.10421,2.2327,775,0.0382219,775,0,0,0
0.61383,0.7,9.88929,-9.97134,3.10421,2.24833,776,0.0259093,776,0,0,0
0.613855,0.7,9.88929,-9.97134,3.10421,2.24833,777,0.0135967,777,0,0,0
0.613864,0.7,9.88929,-9.97134,3.10421,2.24833,778,0.00128406,778,0,0,0
0.356813,0.7,9.8288,-9.97403,3.10446,2.26123,779,0.15108,779,0,0,0
0.356919,0.7,9.8288,-9.97403,3.10446,2.26123,780,0.143895,780,0,0,0
0.357019,0.7,9.8288,-9.97403,3.10446,2.26123,781,0.13671,781,0,0,0
0.357115,0.7,9.8288,-9.97403,3.10446,2.26034,782,0.129524,782,0,0,0
0.357205,0.7,9.8288,-9.97403,3.10446,2.26034,783,0.122339,783,0,0,0
0.35729,0.7,9.8288,-9.97403,3.10446,2.25218,784,0.115153,784,0,0,0
0.35737,0.7,9.8288,-9.97403,3.10446,2.25218,785,0.107968,785,0,0,0
0.356654,0.7,9.76502,-9.97752,3.10285,2.24616,786,0.164645,786,0,0,0
0.356769,0.7,9.76502,-9.97752,3.10285,2.23994,787,0.157459,787,0,0,0
0.35688,0.7,9.76502,-9.97752,3.10285,2.23994,788,0.150274,788,0,0,0
0.35655,0.7,9.74159,-9.97607,3.10389,2.23994,789,0.166458,789,0,0,0
0.356667,0.7,9.74159,-9.97607,3.10389,2.23994,790,0.159272,790,0,0,0
0.356779,0.7,9.74159,-9.97607,3.10389,2.25302,791,0.152087,791,0,0,0
0.356885,0.7,9.74159,-9.97607,3.10389,2.26097,792,0.144902,792,0,0,0
0.356987,0.7,9.74159,-9.97607,3.10389,2.26097,793,0.137716,793,0,0,0
0.357083,0.7,9.74159,-9.97607,3.10389,2.26538,794,0.130531,794,0,0,0
0.357174,0.7,9.74159,-9.97607,3.10389,2.26538,795,0.123346,795,0,0,0
0.35679,0.7,9.71605,-9.97402,3.10459,2.26699,796,0.141614,796,0,0,0
0.356889,0.7,9.71605,-9.97402,3.10459,2.26692,797,0.134428,797,0,0,0
0.356982,0.7,9.71605,-9.97402,3.10459,2.26692,798,0.127243,798,0,0,0
0.35682,0.7,9.67014,-9.98104,3.1046,2.26692,799,0.166178,799,0,0,0
0.356936,0.7,9.67014,-9.98104,3.1046,2.26692,800,0.158993,800,0,0,0
0.357048,0.7,9.67014,-9.98104,3.1046,2.27395,801,0.151808,801,0,0,0
0.356903,0.7,9.64201,-9.98528,3.10372,2.27577,802,0.172847,802,0,0,0
0.357024,0.7,9.64201,-9.98528,3.10372,2.27577,803,0.165661,803,0,0,0
0.35714,0.7,9.64201,-9.98528,3.10372,2.27577,804,0.158476,804,0,0,0
0.357252,0.7,9.64201,-9.98528,3.10372,2.27577,805,0.151291,805,0,0,0
0.35712,0.7,9.6272,-9.98673,3.10137,2.27745,806,0.158942,806,0,0,0
0.357232,0.7,9.6272,-9.98673,3.10137,2.27745,807,0.151757,807,0,0,0
0.357338,0.7,9.6272,-9.98673,3.10137,2.27745,808,0.144572,808,0,0,0
0.357358,0.7,9.60978,-9.98991,3.10149,2.26982,809,0.154868,809,0,0,0
0.357467,0.7,9.60978,-9.98991,3.10149,2.26982,810,0.147682,810,0,0,0
0.35757,0.7,9.60978,-9.98991,3.10149,2.26264,811,0.140497,811,0,0,0
0.357669,0.7,9.60978,-9.98991,3.10149,2.26264,812,0.133312,812,0,0,0
0.357762,0.7,9.60978,-9.98991,3.10149,2.26264,813,0.126126,813,0,0,0
0.35785,0.7,9.60978,-9.98991,3.10149,2.25801,814,0.118941,814,0,0,0
0.357933,0.7,9.60978,-9.98991,3.10149,2.25801,815,0.111756,815,0,0,0
0.357769,0.7,9.59024,-9.98996,3.10116,2.24667,816,0.124103,816,0,0,0
0.357856,0.7,9.59024,-9.98996,3.10116,2.23519,817,0.116917,817,0,0,0
0.357937,0.7,9.59024,-9.98996,3.10116,2.23519,818,0.109732,818,0,0,0
0.357483,0.7,9.54122,-9.99175,3.10166,2.2202,819,0.151595,819,0,0,0
0.357589,0.7,9.54122,-9.99175,3.10166,2.2202,820,0.14441,820,0,0,0
0.35769,0.7,9.54122,-9.99175,3.10166,2.2048,821,0.137224,821,0,0,0
0.35736,0.7,9.51986,-9.98981,3.10144,2.19141,822,0.15136,822,0,0,0
0.357466,0.7,9.51986,-9.98981,3.10144,2.19141,823,0.144175,823,0,0,0
0.357567,0.7,9.51986,-9.98981,3.10144,2.17997,824,0.13699,824,0,0,0
0.357663,0.7,9.51986,-9.98981,3.10144,2.17997,825,0.129804,825,0,0,0
0.35708,0.7,9.48657,-9.98662,3.10187,2.16816,826,0.155827,826,1,0,0
